date,open,high,low,close,volume,amount,turnover_pct,pct_change
2025-12-29,74.14567008,74.9810022,70.78445274,72.7932276,48966572,3568117199.23,2.045,-1.745
2025-12-30,72.03745092,72.9921162,70.19773137,70.36678668,39213060,2807715701.39,1.6376,-3.3333
2025-12-31,71.19217437,72.98217177,69.83973189,71.01317463,30841789,2210076754.45,1.288,0.9186
2026-01-05,73.0915605,73.44955998,70.55573085,72.84294975,43950266,3180764105.73,1.8355,2.5767
2026-01-06,72.2960061,74.16555894,70.63528629,71.64961815,41165858,2978681985.09,1.7192,-1.6382
2026-01-07,70.61539743,74.05617021,69.03423306,71.9976732,45782415,3293527237.8,1.912,0.4858
2026-01-08,71.8982289,75.3787794,70.1082315,71.04300792,42676820,3115706681.72,1.7823,-1.326
2026-01-09,69.61101,71.01317463,67.54256856,70.22756466,43021249,3002134530.43,1.7967,-1.1478
2026-01-12,69.0143442,69.13367736,66.5282367,67.69173501,55908873,3791689635.42,2.3349,-3.6109
2026-01-13,67.58234628,68.74584459,64.82773917,65.633238,48839737,3259842895.64,2.0397,-3.041
2026-01-14,66.19012608,67.54256856,65.28518295,66.46857012,40115789,2676748793.09,1.6753,1.2727
2026-01-15,65.65312686,68.15912322,65.51390484,67.96023462,39336145,2666469642.2,1.6428,2.2442
2026-01-16,68.62651143,70.44634212,67.35362439,68.58673371,44180072,3052778199.87,1.8451,0.9219
2026-01-19,67.29395781,70.55573085,66.40890354,69.61101,41014985,2835526825.47,1.7129,1.4934
2026-01-20,69.61101,69.7104543,66.64756986,67.622124,38879091,2653857317.51,1.6237,-2.8571
2026-01-21,67.1249025,69.89939847,66.79673631,68.84528889,41985034,2912018490.2,1.7534,1.8088
2026-01-22,71.71922916,74.0860035,70.67506401,73.6882263,67419418,4920995482.27,2.8156,7.0345
2026-01-23,74.6826693,74.6826693,69.9093429,70.34689782,50845597,3636879720.94,2.1234,-4.5344
2026-01-26,70.3071201,71.33139639,69.62095443,70.08834264,35603565,2519969081.44,1.4869,-0.3675
2026-01-27,69.85962075,73.3898934,68.18895651,72.38550597,46011976,3304279240.58,1.9216,3.2775
2026-01-28,72.87278304,75.31911282,72.35567268,74.10589236,48603588,3610445415.45,2.0298,2.3767
2026-01-29,73.69817073,74.51361399,68.54695599,69.0143442,50927402,3625169385.29,2.1268,-6.8706
2026-01-30,66.25973709,70.05850935,65.04651663,68.56684485,48396640,3293420381.29,2.0212,-0.6484
2026-02-02,67.88067918,69.3126771,66.2299038,66.48845898,31072893,2114154248.04,1.2977,-3.0312
2026-02-03,67.29395781,67.46301312,63.02779734,65.49401598,48163961,3145879246.61,2.0114,-1.4957
2026-02-04,64.16146236,64.72829487,62.1526875,64.00235148,35442162,2256788007.41,1.4801,-2.2776
2026-02-05,63.2465748,63.93274047,62.70957558,63.12724164,21371192,1360020667.06,0.8925,-1.3673
2026-02-06,62.41124268,64.84762803,60.7604673,62.68968672,40191958,2544162808.28,1.6785,-0.6931
2026-02-09,64.1415735,65.38462725,63.68412972,64.52940627,37700653,2442802405.38,1.5745,2.9346
2026-02-10,64.61890614,66.50834784,64.1415735,65.18573865,35006223,2306853297.98,1.4619,1.0171
2026-02-11,65.64318243,69.61101,65.64318243,66.84645846,54974279,3760312400.98,2.2959,2.5477
2026-02-12,66.85640289,66.85640289,64.15151793,65.45423826,38136977,2502383170.95,1.5927,-2.0827
2026-02-13,64.64873943,65.45423826,63.73385187,63.89296275,31544438,2041906009.79,1.3174,-2.3853
2026-02-24,65.18573865,68.00001234,64.74818373,67.25418009,47033699,3174232789.22,1.9642,5.2607
2026-02-25,67.5226797,69.29278824,66.67740315,68.8154556,43025664,2946785431.14,1.7969,2.3215
2026-02-26,68.92484433,74.0860035,67.45306869,72.594339,74763885,5394077870.03,3.1223,5.4913
2026-02-27,70.1082315,71.599896,68.5171227,68.72595573,50440049,3522573212.86,2.1065,-5.3288
2026-03-02,66.64756986,68.79556674,66.64756986,68.06962335,38632791,2641410292.57,1.6134,-0.955
2026-03-03,71.0032302,72.1965618,67.1249025,67.26412452,65659218,4605533887.09,2.7421,-1.1833
2026-03-04,66.25973709,67.78123488,64.7382393,65.50396041,43200766,2867830050.73,1.8042,-2.6168
2026-03-05,66.97573605,68.84528889,64.81779474,65.61334914,50686208,3402223631.46,2.1168,0.167
2026-03-06,65.1360165,65.62329357,62.92835304,63.644352,39454659,2541391916.04,1.6477,-3.0009
2026-03-09,61.03891134,61.37702196,57.74730501,60.58146756,56177166,3349337782.48,2.3461,-4.8125
2026-03-10,62.0532432,64.13162907,62.01346548,64.05207363,54101852,3434255044.21,2.2594,5.7288
2026-03-11,64.638795,65.45423826,62.79907545,63.1471305,40965270,2634908903.75,1.7108,-1.4128
2026-03-12,62.70957558,65.49401598,61.43668854,62.41124268,38460714,2440487050.07,1.6062,-1.1654
2026-03-13,61.44663297,64.32057324,61.42674411,63.08746392,44342091,2804699593.3,1.8518,1.0835
2026-03-16,63.39574125,64.54929513,61.38696639,64.03218477,46763473,2956824397.02,1.953,1.4975
2026-03-17,65.5337937,66.00118191,61.4565774,61.53613284,48135677,3071697376.83,2.0103,-3.8981
2026-03-18,61.88418789,63.92279604,61.37702196,63.1471305,44108275,2772130731.99,1.8421,2.618
2026-03-19,61.655466,62.01346548,59.9649129,60.2632458,41592929,2545899849.41,1.737,-4.5669
2026-03-20,60.661023,62.8487976,59.8654686,59.88535746,52757644,3258229454.89,2.2033,-0.6271
2026-03-23,58.0754712,58.49313726,55.08219777,55.53964155,61381712,3480312619.41,2.5634,-7.2567
2026-03-24,56.4843624,56.67330657,54.75403158,56.56391784,40795888,2289068266.36,1.7037,1.8442
2026-03-25,57.32963895,58.4732484,56.683251,57.4788054,41720813,2419939681.0,1.7424,1.6174
2026-03-26,57.55836084,57.66774957,54.8932536,55.10208663,47562699,2680013220.4,1.9863,-4.1349
2026-03-27,54.35625438,55.35069738,53.28225594,54.44575425,37363936,2040239610.11,1.5604,-1.1911
2026-03-30,53.15297835,55.02253119,52.71542343,54.7938093,30947391,1685026104.9,1.2924,0.6393
2026-03-31,54.2965878,55.2910308,53.11320063,53.86897731,32352426,1760454615.6,1.3511,-1.6878
2026-04-01,55.24130865,55.66891914,54.24686565,54.7938093,33170513,1827210494.39,1.3853,1.7168
2026-04-02,53.83914402,54.18719907,50.9154816,51.34309209,62601269,3281527282.26,2.6144,-6.2976
2026-04-03,51.75081372,53.0038119,51.74086929,52.2082575,39417947,2080292001.92,1.6462,1.6851
2026-04-07,53.06347848,55.67886357,52.705479,54.8932536,59448886,3267299116.78,2.4827,5.1429
2026-04-08,56.683251,58.78152573,56.36502924,58.65224814,68697521,3980400741.97,2.869,6.8478
2026-04-09,57.48874983,59.41796925,57.21030579,58.8710256,41917307,2478621389.74,1.7506,0.373
2026-04-10,59.80580202,61.91402118,58.8710256,60.86985603,60288992,3681008505.37,2.5178,3.3953
2026-04-13,60.02457948,64.1415735,59.94502404,63.11729721,66870128,4202613831.64,2.7927,3.6922
2026-04-14,64.1415735,67.28401338,62.92835304,66.44868126,79965981,5305592507.99,3.3396,5.2781
2026-04-15,68.1193455,70.605453,66.17023722,66.5282367,93083026,6373923109.6,3.8874,0.1197
2026-04-16,66.94590276,67.76134602,65.64318243,67.18456908,53024975,3563637405.05,2.2144,0.9865
2026-04-17,66.67740315,69.97895391,66.3293481,68.86517775,56873953,3920315678.68,2.3752,2.5015
2026-04-20,68.89501104,71.09273007,68.35801182,69.4121214,56412671,3954820974.25,2.3559,0.7942
2026-04-21,69.12373293,73.588782,68.68617801,72.14683965,73539065,5327137232.51,3.0712,3.9398
2026-04-22,72.13689522,76.01522292,71.599896,75.577668,67866718,5039233896.93,2.8343,4.7553
2026-04-23,75.58761243,78.0637755,73.10150493,74.53350285,72571409,5491857215.34,3.0308,-1.3816
2026-04-24,73.7876706,75.2793351,71.15239665,72.22639509,57444807,4199342894.15,2.399,-3.0954
2026-04-27,73.588782,77.19861009,73.588782,76.24394481,55787247,4246757302.09,2.3298,5.5624
2026-04-28,76.91022162,77.6659983,73.67828187,76.19422266,62563826,4759135839.12,2.6128,-0.0652
2026-04-29,76.23400038,80.42060541,75.55777914,77.566554,73641023,5810891333.3,3.0754,1.8011
2026-04-30,78.560997,80.00293935,75.89588976,76.08483393,46891324,3635144424.69,1.9583,-1.9103
2026-05-06,78.3621084,82.31004711,78.3621084,80.36093883,60316719,4912337176.53,2.519,5.6202
2026-05-07,81.96199206,82.538769,79.55544,81.544326,45102107,3697259650.85,1.8836,1.4726
2026-05-08,80.08249479,83.68237845,79.6548843,81.544326,38032234,3125385040.22,1.5883,0.0
2026-05-11,82.16088066,83.81165604,80.549883,83.19510138,48048727,3976842535.79,2.0066,2.0244
2026-05-12,83.2348791,85.85026419,82.0415475,85.14420966,50873633,4297226319.96,2.1246,2.3428
2026-05-13,84.54754386,93.65664174,84.54754386,93.65664174,71590997,6577327287.98,2.9898,9.9977
2026-05-14,97.56480273,99.9415215,92.5826433,92.80142076,93458994,8976456936.61,3.9031,-0.9131
2026-05-15,92.86108734,93.31853112,87.16292895,89.45014785,59825100,5401573089.06,2.4984,-3.6112
2026-05-18,89.72859189,98.40013485,89.72859189,98.40013485,75325987,7271190188.38,3.1458,10.0056
2026-05-19,97.30624755,101.30390841,93.49753086,100.21996554,81149019,7982985603.05,3.389,1.8494
2026-05-20,98.95702293,101.80112991,97.42558071,100.00118808,52046429,5182057884.09,2.1736,-0.2183
2026-05-21,101.58235245,106.9026225,97.11730338,97.64435817,72670693,7444835944.17,3.0349,-2.3568
2026-05-22,101.5326303,107.40978843,101.433186,107.40978843,66889947,7105588844.74,2.7935,10.001
2026-05-25,113.366502,117.15532983,109.73678505,115.87249836,79441086,9102370339.73,3.3176,7.8789
2026-05-26,115.03716624,127.45775931,114.9576108,127.45775931,78178524,9618405872.2,3.2649,9.9983
2026-05-27,132.260919,139.22202,128.27320257,131.02780968,110299850,14801551764.54,4.6064,2.801
2026-05-28,132.03219711,136.9348011,124.81254093,134.88624852,102669361,13526819364.19,4.2877,2.9447
2026-05-29,134.88624852,144.74117865,133.13602884,139.83857466,100840530,14185705001.91,4.2113,3.6715
2026-06-01,139.83857466,147.0781197,131.5648089,134.87630409,115518912,16026839307.08,4.8243,-3.5486
2026-06-02,132.46975203,143.52795819,127.95498081,140.28607401,108331795,14742603927.18,4.5242,4.0109
2026-06-03,137.0342454,146.67039807,134.26969386,140.30596287,109730024,15462433779.23,4.5826,0.0142
2026-06-04,136.238691,146.9786754,134.35919373,143.16001428,85014382,11982276444.62,3.5504,2.0342
2026-06-05,140.0,145.16,136.38,137.36,72627828,10128513369.51,3.0331,-4.0514
2026-06-08,126.0,140.36,126.0,134.06,75756145,10152251581.94,3.1638,-2.4024
2026-06-09,138.99,147.47,136.86,147.47,69298936,9897529100.46,2.8941,10.003
2026-06-10,147.0,154.5,144.64,146.9,95919448,14262260187.83,4.0058,-0.3865
2026-06-11,146.95,153.5,143.11,149.73,84004127,12528374779.22,3.5082,1.9265
2026-06-12,155.98,162.62,150.11,151.28,96370472,14973724299.94,4.0247,1.0352
2026-06-15,159.11,166.41,153.55,166.41,54034567,8757312454.02,2.2566,10.0013
2026-06-16,176.0,183.05,174.8,179.4,91898441,16561268211.98,3.8379,7.806
2026-06-17,180.0,191.0,176.0,180.15,115560830,21243646919.24,4.8261,0.4181
2026-06-18,178.5,187.35,176.73,183.87,79876982,14605138345.47,3.3359,2.0649
2026-06-22,186.6,191.88,177.54,184.5,94529355,17421782487.13,3.9478,0.3426
2026-06-23,179.0,180.0,166.53,167.87,99823757,17118007294.02,4.1689,-9.0136
2026-06-24,167.9,179.38,167.0,177.3,77821650,13596962089.93,3.25,5.6174
2026-06-25,179.9,188.0,175.18,187.2,71549893,13180267698.62,2.9881,5.5838
2026-06-26,182.0,182.3,171.69,178.5,71476966,12697757489.59,2.985,-4.6474
2026-06-29,178.5,182.68,162.9,171.16,74837544,12779175470.3,3.1254,-4.112
2026-06-30,171.0,178.15,168.11,173.4,67645095,11720608035.38,2.825,1.3087
2026-07-01,173.4,175.88,163.17,164.8,66867995,11258631087.09,2.7926,-4.9596
2026-07-02,155.0,160.68,150.59,151.95,71896529,11137316608.5,3.0026,-7.7973
2026-07-03,151.94,166.21,145.99,160.78,77646474,12372235435.09,3.2427,5.8111
2026-07-06,163.0,164.0,149.61,154.27,60775485,9515916682.79,2.5381,-4.049
2026-07-07,154.19,156.46,146.8,150.77,48406596,7317721094.33,2.0216,-2.2687
2026-07-08,153.85,154.95,145.2,145.46,45129835,6736456811.97,1.8847,-3.5219
2026-07-09,149.98,158.03,144.8,157.4,64980880,9884752066.47,2.7138,8.2084
2026-07-10,160.0,163.48,149.25,149.39,63401261,9972337689.08,2.6478,-5.0889
2026-07-13,147.9,150.33,134.45,134.45,80453141,11272364618.94,3.3599,-10.0007
2026-07-14,139.97,147.9,139.0,147.9,80957181,11779525053.19,3.381,10.0037
2026-07-15,154.01,160.3,151.5,152.43,94258350,14651352707.73,3.9364,3.0629
2026-07-16,148.0,155.43,144.0,146.99,71284054,10649968555.3,2.977,-3.5689
2026-07-17,144.84,146.0,132.29,132.29,75645621,10217325742.51,3.1591,-10.0007
2026-07-20,136.0,136.0,119.06,123.34,94539176,11851044665.01,3.9482,-6.7654
2026-07-21,129.32,135.67,117.5,135.67,89821844,11505130560.92,3.7512,9.9968
2026-07-22,135.67,140.19,124.06,126.0,82385680,10952239723.94,3.4406,-7.1276
2026-07-23,129.0,134.21,123.8,125.1,60998740,7823308883.61,2.5292,-0.7143
2026-07-24,123.81,123.99,117.99,118.71,60458645,7261157012.74,2.5068,-5.1079
2026-07-27,120.0,125.99,114.66,125.99,57520985,6950835941.68,2.385,6.1326
2026-07-28,119.42,121.0,113.39,113.39,48057422,5563739832.64,1.9926,-10.0008
2026-07-29,111.88,112.7,102.6,108.18,88796349,9477419996.34,3.6818,-4.5948
2026-07-30,105.0,108.83,97.51,100.08,81098342,8252309373.02,3.3626,-7.4875
2026-07-31,110.09,110.09,105.44,105.64,80842310,8784966807.57,3.352,5.5556
2026-08-03,102.01,105.88,99.88,102.03,53205267,5437578868.31,2.2061,-3.4173
2026-08-04,105.0,112.23,103.5,112.23,60987470,6695397803.59,2.5288,9.9971
2026-08-05,110.0,123.45,110.0,122.79,89347125,10576713123.5,3.7047,9.4092
2026-08-06,120.0,130.99,119.5,127.25,76058820,9560626246.59,3.1537,3.6322
2026-08-07,131.0,139.98,130.98,139.98,78308513,10729352256.43,3.247,10.0039
2026-08-10,141.98,143.48,134.39,138.57,94216175,13037738735.81,3.9066,-1.0073
2026-08-11,135.8,140.58,133.66,135.3,58791513,8047117211.7,2.4377,-2.3598
2026-08-12,136.95,145.55,135.64,143.23,76484145,10743291329.35,3.1713,5.861
2026-08-13,146.08,151.9,141.63,141.74,82422723,12100094060.37,3.4175,-1.0403
2026-08-14,144.0,146.3,139.7,143.21,67303727,9645409478.4,2.7907,1.0371
2026-08-17,145.9,147.47,140.51,144.49,76221739,10971906097.11,3.1604,0.8938
2026-08-18,144.0,145.47,137.45,139.41,73620131,10341890686.75,3.0526,-3.5158
2026-08-19,132.0,134.44,125.47,125.47,78292528,10133149458.21,3.2463,-9.9993
2026-08-20,128.19,131.19,124.16,126.28,59615232,7613697163.34,2.4719,0.6456
2026-08-21,126.03,134.86,124.88,132.8,66475836,8723369047.43,2.7563,5.1631
2026-08-24,132.83,134.0,122.3,126.3,63765833,8028367893.02,2.644,-4.8946
2026-08-25,124.0,132.0,122.05,129.0,63533958,8137042197.82,2.6344,2.1378
2026-08-26,130.7,131.99,124.0,130.01,58691782,7531701378.12,2.4336,0.7829
2026-08-27,133.98,143.01,133.07,140.97,103174774,14313829938.6,4.278,8.4301
2026-08-28,140.01,151.79,138.41,145.65,98707824,14474844442.13,4.0928,3.3199
2026-08-31,141.0,157.28,141.0,153.4,103887382,15742216788.67,4.3076,5.321
2026-09-01,152.0,152.41,143.7,144.42,78920576,11508594582.64,3.2723,-5.854
2026-09-02,139.0,149.23,138.99,144.98,65588208,9553436833.71,2.7195,0.3878
2026-09-03,148.88,149.38,139.01,143.19,63589695,9063186686.01,2.6367,-1.2347
2026-09-04,145.2,147.8,135.47,137.5,67020788,9420477343.01,2.7789,-3.9737
2026-09-07,140.25,149.25,139.8,148.15,83935644,12168893728.86,3.4803,7.7455
2026-09-08,149.0,151.25,145.5,146.28,69034361,10247536038.05,2.8624,-1.2622
2026-09-09,147.9,151.88,146.51,148.16,58997034,8801337181.01,2.4462,1.2852
2026-09-10,145.02,151.3,145.0,146.96,58353960,8625341225.14,2.4196,-0.8099
2026-09-11,143.55,150.3,138.43,148.43,79621052,11515917538.99,3.3014,1.0003
2026-09-14,144.55,149.88,141.1,146.0,54672025,7997110338.53,2.2669,-1.6371
2026-09-15,146.0,156.93,145.99,150.25,81245560,12410853990.94,3.3687,2.911
2026-09-16,151.0,157.5,147.33,154.48,64550860,9871775117.89,2.6765,2.8153
2026-09-17,153.0,157.27,145.0,146.03,85045600,12791538670.18,3.5263,-5.47
2026-09-18,149.0,149.6,139.4,143.93,87513863,12565810248.61,3.6286,-1.4381
2026-09-21,145.0,149.99,143.61,146.27,67053393,9839620941.21,2.7803,1.6258
2026-09-22,149.5,149.94,142.62,143.45,60702823,8866227688.27,2.517,-1.9279
2026-09-23,143.0,146.0,142.02,143.56,41642723,5996688278.48,1.7267,0.0767
